term_en,term_ur,notes
Educational Psychology,تعلیمی نفسیات,EFMP-301 golden unit core term
Cognition,اِدراک,EFMP-301 golden unit (used via <Glossary> in index.mdx)
Learning,سیکھنا,
Behaviorism,طرزِ عمل پسندی,
Cognitivism,ادراکیت,
Constructivism,تعمیریت,
Motivation,محرک,
Intrinsic Motivation,باطنی محرک,
Extrinsic Motivation,خارجی محرک,
Development,نشوونما,
Cognitive Development,ادراکی نشوونما,
Social Development,معاشرتی نشوونما,
Emotional Development,جذباتی نشوونما,
Individual Differences,انفرادی اختلافات,
Intelligence,ذہانت,
Multiple Intelligences,متعدد ذہانتیں,
Bloom's Taxonomy,بلوم کی درجہ بندی,
Assessment,تشخیص,
Formative Assessment,تشکیلی تشخیص,
Summative Assessment,مجموعی جائزہ / جامع تشخیص,"pair: both accepted. EFMP-301 U1 prose uses مجموعی جائزہ; EFMP-302 U1 (reviewed) uses جامع تشخیص"
Curriculum,نصاب,
Pedagogy,تدریسیات,
Teaching Strategy,حکمتِ تدریس,
Lesson Plan,سبقی منصوبہ,
Classroom Management,جماعتی انتظام,
Learning Outcome,نتیجہ ہائے تعلم,
Student-Learning Outcome,طالب علم کا نتیجہ ہائے تعلم,SLO
Course-Learning Outcome,کورس کا نتیجہ ہائے تعلم,CLO
Reinforcement,تقویت,
Positive Reinforcement,مثبت تقویت,
Negative Reinforcement,منفی تقویت,
Punishment,سزا,
Memory,یادداشت,
Short-Term Memory,قلیل مدتی یادداشت,
Long-Term Memory,طویل مدتی یادداشت,
Perception,ادراک,
Attention,توجہ,
Attitude,رویہ,
Aptitude,اہلیت,
Personality,شخصیت,
Adolescence,مراہقت,
Childhood,بچپن,
Maturation,پختگی,
Heredity,وراثت,
Environment,ماحول,
Socialization,معاشرتی بندی,
Peer Group,ہم عمر گروہ,
Special Needs Education,خصوصی ضروریات کی تعلیم,
Inclusive Education,شمولیتی تعلیم,
Gifted Learner,ذہین متعلم,
Slow Learner,کمزور متعلم,
Guidance and Counseling,رہنمائی و مشاورت,
Self-Concept,خودی کا تصور,
Self-Esteem,خود اعتمادی,
Anxiety,اضطراب,
Stress,دباؤ,
Creativity,تخلیقیت,
Problem Solving,مسئلہ حل کرنا,
Critical Thinking,تنقیدی سوچ,
Metacognition,مابعد ادراک,
Scaffolding,معاونتی تدریس,
Zone of Proximal Development,علاقہ ہائے قربی نشوونما,
Active Learning,فعال تعلم,
Rote Learning,رٹا لگانا,
Transfer of Learning,تعلم کی منتقلی,
Readiness,تیاری / آمادگی,"pair: both accepted. Prose uses تیاری; the EFMP-301 U1 figures (fig-U1-1/6/7) use آمادگی"
Habit Formation,عادت کی تشکیل,
Concept Formation,تصور سازی,
Group Work,گروہی کام,
Practical Activity,عملی سرگرمی,
Rubric,معیارِ جانچ,"prose term adopted 2026-09-14; no figure or other course used the former معیارِ تشخیص"
Formative Feedback,تشکیلی تاثرات,
Diagnostic Assessment,تشخیصی جانچ,
Standardized Test,معیاری آزمائش,
Achievement Test,کارکردگی آزمائش,
Norm-Referenced Test,معیارِ گروہی آزمائش,
Criterion-Referenced Test,معیارِ کسوٹی آزمائش,
Validity,صداقت,
Reliability,اعتماديت,
Bilingual Education,دو لسانی تعلیم,
Mother Tongue,مادری زبان,
Second Language Acquisition,دوسری زبان کا حصول,
Classroom Discourse,جماعتی مکالمہ,
Experiential Learning,تجرباتی تعلم,
Collaborative Learning,باہمی تعلم,
Differentiated Instruction,متنوع ہدایات,
Formative Stage,تشکیلی مرحلہ,
Summative Stage,اختتامی مرحلہ,
Learning Style,طرزِ تعلم,
Visual Learner,بصری متعلم,
Auditory Learner,سماعتی متعلم,
Kinesthetic Learner,حرکی متعلم,
Growth Mindset,ترقی پذیر ذہنیت,
Fixed Mindset,جامد ذہنیت,
Self-Regulation,خود انضباطی,
Executive Function,انتظامی فعل,
Working Memory,عامل یادداشت / فعال یادداشت,"pair: both accepted. EFMP-301 U1 prose uses عامل یادداشت"
Classroom Assessment,جماعتی تشخیص,
Portfolio Assessment,پورٹ فولیو تشخیص,
Peer Assessment,ہم عمر تشخیص,
Self-Assessment,خود جائزہ / خود تشخیصی,"pair: both accepted. EFMP-301 U1 and EFMP-302 U1 prose both use خود جائزہ"
Profession,پیشہ,EFMP-302 Unit 1
Professionalism,پیشہ واریت,EFMP-302 Unit 1 - draft term, needs human review at G5
Professionalization,پیشہ ورانہ بنانے کا عمل,EFMP-302 Unit 1 - draft phrase, needs human review at G5
Teacher Identity,استاد کی شناخت,EFMP-302 Unit 1
Professional Ethics,پیشہ ورانہ اخلاقیات,EFMP-302 Unit 2
Code of Ethical Conduct,ضابطہ اخلاق,EFMP-302 Unit 2
Ethical Dilemma,اخلاقی مخمصہ,EFMP-302 Unit 2
Reflective Decision Making,غور و فکر پر مبنی فیصلہ سازی,EFMP-302 Unit 2 - draft phrase, needs human review at G5
Teacher Effectiveness,معلم کی افادیت,EFMP-302 Unit 3
Verbal Communication,زبانی ابلاغ,EFMP-302 Unit 3
Non-verbal Communication,غیر زبانی ابلاغ,EFMP-302 Unit 3
Professional Standards,پیشہ ورانہ معیارات,EFMP-302 Unit 4
National Professional Standards for Teachers,اساتذہ کے لیے قومی پیشہ ورانہ معیارات,EFMP-302 Unit 4 - draft phrase, needs human review at G5
Teacher Licensing,اساتذہ کا لائسنس,EFMP-302 Unit 4
Teacher Certification,اساتذہ کی سند بندی,EFMP-302 Unit 4
Teacher Burnout,پیشہ ورانہ تھکن,EFMP-302 Unit 5
Multi-grade Classroom,کثیر درجاتی کلاس روم,EFMP-302 Unit 5
Digital Professionalism,ڈیجیٹل پیشہ واریت,EFMP-302 Unit 5
Continuous Professional Development,مسلسل پیشہ ورانہ ترقی,EFMP-302 Unit 6 - CPD
Professional Learning Community,پیشہ ورانہ تعلمی برادری,EFMP-302 Unit 6
